{"filename": "pyntcloud_plot", "camera_position": [1.8851975202560425, 0.6684123873710632, 1.8805454969406128], "look_at": [1.949956640601158e-09, -3.3528181120345835e-08, 8.8020897237584e-09], "point_size": 0.3, "point_opacity": 0.9, "line_color_list": [], "lines": []}