{"filename": "pyntcloud_plot", "camera_position": [1.6527345180511475, 0.36146223545074463, 1.009889841079712], "look_at": [-5.7014403864741325e-08, 1.673470251262188e-10, 2.191518433392048e-08], "point_size": 0.01, "point_opacity": 0.9, "line_color_list": [], "lines": []}